BarCode,Quantity
4.06545E+12,80
4.06545E+12,20
